"area_160616","area_160617","area_160618","area_160619","area_160620","area_160621","area_160622","area_160623","area_160624","area_160625","area_160626","area_160627","area_160628","area_160629","area_160630","area_160701","area_160702","area_160703","area_160704","area_160705","well_ID","factor"
26.507,26.507,26.507,26.507,26.507,26.507,26.507,26.507,26.507,26.507,26.507,26.507,26.507,26.507,26.507,26.507,26.507,26.507,26.507,26.507,1,"ctrl"
2.80075430164728,3.39693246847721,3.5763319269885,5.3482395029107,8.93093301290378,15.995862916129,23.4380610858598,43.2153996770062,72.4337009778152,101.857001140251,113.980247646633,118.495932172093,127.077288504603,134.769601744186,138.940161514196,143.275691100602,141.643027941782,143.904492768959,159.521968892672,76.298,2,"10"
3.6818848609764,4.17552644668473,4.0864183146856,6.02588334632372,11.8354610064516,17.4590584386394,30.2076765606727,47.452574440122,81.7806508660477,106.001423606083,123.796679571613,129.778113709878,128.256683337738,138.791506764809,142.168383777587,130.302122820266,133.165184056437,152.020916582837,71.751,70.1657026451921,3,"10"
3.95421295021539,3.55564357375831,3.592574261713,5.69267752258065,9.03734988262324,15.4182555549368,21.3566545053096,34.8749045447141,61.7915923244026,101.334171046963,128.511792734511,148.450408033827,155.394384086926,155.940399899685,143.642972538789,146.866544832451,158.059499574402,81.213,75.1730234435191,86.2055974781765,4,"10"
4.05358688741175,4.26058647267689,4.76647163870968,5.94457969132411,10.4421962465891,15.0274149931658,23.8601860237824,39.5058095582911,76.8159710100326,110.875634983827,139.117968617865,155.936973922187,152.020190097449,145.404525195661,148.837506243386,157.677985839201,74.969,74.4494952489269,83.0368411736179,89.966290713683,5,"10"
3.59831319823331,4.39297945806452,4.16252974376904,6.2543943309016,10.5487325202397,16.8782966281153,26.7166582186821,50.4329651012495,86.7842081985569,131.039427986258,160.916908026639,163.661161937518,153.857430248524,158.871831604938,175.164032035905,82.627,77.8502722603368,87.997798052053,96.4573684771506,91.9279963667892,6,"10"
5.11944227096774,4.96882128764797,5.5059926491062,6.99950904216171,11.3601428571429,17.4872671976828,28.4191194066597,46.3361354814631,88.4488994450317,133.529128636523,154.084757953568,148.479963201977,153.783609594356,167.273261394413,80.046,77.6927298308691,82.385521419334,92.9163525336413,85.8136902274885,92.1833895384082,7,"10"
5.51032086309375,6.19534883332405,5.43740479444853,7.63099929413042,12.4554699493121,21.2290936172832,32.716589574521,53.1611054439746,88.8732419207851,127.241577171109,143.362725525196,147.343390335097,161.226473806392,77.442,74.4601925743845,80.2944422082121,87.8932424834569,82.8293134882953,87.5176341473976,107.974810890323,8,"10"
4.61440563568525,4.29752854589423,4.55960123798664,6.43739319333816,11.7712811595987,20.2710287384922,36.0898689217759,62.5817913073957,103.745009601605,135.419360497048,149.357361340388,165.599523717403,75.606,73.5771769820597,79.2746125929518,86.3322760136786,76.1820438462491,87.9824880055425,101.877174812903,98.0537898706358,9,"10"
5.69659425927873,5.16697236249118,5.3861491672701,7.72842118544962,12.0580798084101,20.0396142309725,32.0183748335086,53.2191272570937,87.626325964575,125.298168253968,154.207441538342,78.265,70.7433582199068,79.2317626091174,84.4275673047031,78.609380702696,77.5089288559799,100.368156954839,92.1052382997852,103.968788271983,10,"10"
7.46836200249769,6.52893410572049,7.2503913337847,9.62601803931326,16.2463952827696,28.4172135296179,45.6199221123531,68.0654483729232,106.714283527337,140.45038443086,72.035,73.8154355945262,77.6591682023925,85.8872946218413,79.9368647454688,82.6510159781761,94.5756078967742,96.4517984616153,104.584337584229,99.5385089370203,11,"10"
9.45233743664012,9.97336683695451,9.80574328191092,12.1607167019027,17.7883989484753,25.1413842791631,34.1646586571468,56.6959952733686,105.683406948851,69.986,75.0086736251238,85.2596840850307,90.5902064218146,82.0413592337228,85.4137400190526,101.339510245161,95.243023125718,110.52579077797,101.507512774682,107.710504370962,12,"10"
7.11987123776697,5.93423071659617,6.6985514667019,9.71272968804767,16.7235694325022,26.8727769463133,41.3640098765432,71.287687456473,55.027,67.0197164765014,76.8482322583253,90.2429325842697,78.1147205317699,80.5677820213042,97.9780806193548,92.4243126217472,99.6348487497912,98.6620026285354,100.043523375143,105.985182476466,13,"10"
5.14442896242847,5.59526063689218,6.195186680687,8.53177443393523,12.8877230536867,20.4706969312169,34.2336787123733,26.345,43.2142773966321,67.1609221629486,90.17465501621,88.6284379257669,88.3176418983286,102.914197058065,97.1111304630139,105.695869076126,97.654508095889,108.114938697942,109.539036929761,123.344753739152,14,"10"
6.79311925211417,6.71547830354013,7.07499104327888,9.37735624056021,14.9355491358025,26.7859562795017,20.451,30.4864050702572,55.5710727853217,75.7786829506595,72.7774248379505,82.1149993071793,92.8668469677419,87.25424943809,99.2658143899315,95.8248534328672,93.6042380409404,102.744338884866,109.93055087093,113.169192896243,15,"10"
8.20016761303891,7.81952701347091,7.42836564602499,9.31999209876543,15.1169689700534,11.123,16.6158638881755,28.728771661817,50.1581141359861,65.6234568349779,86.7187741837707,111.556505135484,99.5061738174916,109.458543409255,103.958664756598,105.724314437748,103.816253439537,119.153427155783,116.450415215228,127.706789178118,16,"10"
6.42352206936085,6.82601654537965,7.72489714285714,11.6156574324847,9.554,15.6628294383094,26.2091926123505,43.4504316738464,64.0004899467404,76.8696113276175,97.3555936516129,100.428973827481,101.788533273932,94.4968557985491,96.9059189878916,101.12465532223,106.98405970333,113.368704404081,119.68603997093,128.387532492114,17,"10"
6.94794219415076,6.8740551675485,7.14415236400217,4.147,5.53148974575338,8.85280666020045,15.1705693031931,23.2741987944346,38.4807171559712,67.0356899612903,85.6257788322262,122.111993540124,106.298337398801,104.204447358419,107.907541636495,118.042374838432,113.429712055238,128.333738570296,133.61460511742,137.868308684437,18,"10"
6.38785975308642,6.84058229513271,3.628,4.70585071724695,8.128641933398,14.27825212062,20.6717609925271,33.6037689010132,67.7785700129032,93.797258978073,118.777399064432,113.884506466197,114.768674974209,114.334599565532,122.949930448698,121.758080865887,126.708573665433,142.19012597266,144.434280237891,136.700489702046,19,"10"
8.30920506074441,3.936,4.16709450783285,6.2946626252829,11.5777565839144,18.2914825151728,29.5256806096822,52.6747104,78.8034137655462,106.436890070725,105.586263116392,111.229514796112,107.228367125272,118.650924786114,118.471911980592,124.864501849894,129.768163477042,138.859757093723,129.778024509131,137.544682751323,20,"10"
3.278,3.03123304105367,3.34015623989654,4.8571249278323,7.18789381115561,12.081609162553,22.7884954322581,33.5650299185855,58.6218461324275,77.9003690989381,102.120387196612,122.056518464881,131.888925524712,129.55386937049,134.464883324524,138.089113073957,137.817026870163,140.765891184951,142.008330652557,161.039819237019,21,"10"
3.88799156180064,4.28392713385063,4.523977483679,5.36027769291111,8.376551745042,15.9589241290323,23.4843996803356,41.8588293701621,60.3688494374934,88.2199362002498,113.981724112962,134.835416692312,134.188802002986,139.37540314482,143.468556817385,144.785655631986,133.716040985857,144.222389770723,156.496523949547,76.969,22,"10"
3.89506353055286,4.0978312830306,3.80406804013047,5.12372252533125,9.74226307096774,15.1394807951651,27.1771663975052,38.8477629061087,63.4702825107238,90.8765025343954,126.265140887548,133.987641639711,142.734310782241,145.324883000351,148.97936844368,137.366531305781,142.262648253968,161.671573164126,77.025,78.1838343177899,23,"10"
3.73172225429675,3.56768176375872,5.1524172079328,8.36868743225807,12.7682687178463,21.5840816394721,31.4901264851225,50.8752476516262,85.906716871832,133.435588662522,136.927550883304,142.644996762685,153.636541675429,154.755220192032,147.659239805025,144.89745340388,160.808039387139,79.324,77.7763634662656,86.2966536938248,24,"10"
3.91460051195244,4.42357226985364,5.22341811612903,7.24073637680436,13.3250926658128,20.4048996425192,33.130511646848,50.6162186821144,88.3882090232043,124.079669320727,142.082843816068,147.506391447599,151.765680352537,144.740303377729,145.170470828924,159.722981505842,77.347,75.762348827824,83.4674835111542,89.6201940755873,25,"10"
3.96445734822898,4.90738627096774,4.75036791369063,8.02133084590967,12.806189149406,20.7441706575447,33.5984677769732,58.6443106419647,95.4357526747947,134.167169926004,146.843019628461,143.336469547148,141.428293217081,143.932542504409,155.001236245454,75.462,72.6465096672414,80.3844271742645,89.1434282986188,85.4777152883861,26,"10"
4.35330446451613,4.10030363118725,4.52436125187949,5.83873041741142,9.76255530216648,14.9787509051412,26.2720638271681,42.7185466533964,72.9345288715645,109.183197055731,144.407689667527,156.01387642455,152.171684797178,164.391396889267,77.959,74.8822506878967,80.5247608713223,91.4966499977795,83.3546163246769,88.8800576773188,27,"10"
4.65371884521253,4.88601492454196,4.54975055199243,6.08378612151816,9.63246632874729,16.5711576906506,25.5704501119682,42.8059329413319,77.3171933403435,113.767755302379,133.606853837704,152.831788571429,162.172053547938,75.647,73.7901510070808,76.7625322906563,82.7241597015588,82.3696735064613,85.1531923010306,100.58294916129,28,"10"
4.89782402405747,4.50515881610767,4.37105712113808,5.4644018826937,8.42344069674401,12.1339271584971,19.111448929704,32.1614550297932,53.8800928632846,79.2116364135658,110.676776155203,172.92622835255,86.322,82.1612944197821,88.7573140155189,93.2730439667807,83.3568050864952,92.606923053607,107.091016206452,104.607391089356,29,"10"
5.40953495952056,4.56823684639192,4.32604634322954,5.86198381239613,8.87743767106245,14.0923512817125,23.2180136698212,39.5933592719977,60.3022421392283,90.9241524514991,131.166883540973,85.921,86.0930477675459,91.0862106369221,98.7552618021939,86.7187432393378,87.1732979561791,112.131108490323,103.823606862794,119.635034916746,30,"10"
5.51239669870229,5.43191962346126,6.43300923247369,8.33001766608609,12.8437062632135,19.8286853838065,29.4585533104041,46.0878952354799,79.9866256084656,127.517889267198,77.14,81.8938612833401,88.0031543000323,93.922858062797,85.6024747120267,88.4266816922144,100.321641445161,101.872090055442,113.290596202038,105.201659394385,31,"10"
5.14253222302679,5.68741318397243,5.51377258024384,7.18540043604651,11.9685655099895,19.3541365720837,30.8308110668681,50.8186407054674,86.8436023369187,59.418,72.0630191877316,91.0037244180407,93.5037750588444,83.7715754510549,85.2553453710921,97.8686323612903,91.9543068777783,110.9199194743,101.249716801598,105.230645490579,32,"10"
5.67436117437065,5.97710095794974,6.33253911205074,8.80779390115668,14.1613780452852,21.8938429905259,34.3796257495591,62.086232531146,53.546,72.5482887698573,85.4300127707727,96.4832668650353,88.458808884852,88.6332834069455,105.962331045161,100.876472254133,106.029476137439,104.387860214488,105.930129771407,110.083853005069,33,"10"
5.52036800199055,5.83168010042283,5.78266975113915,7.61250042992262,10.5747752986407,16.076238377425,25.6024432407336,19.42,31.5434953223025,54.5598131668283,79.6304795487854,90.9474310722101,90.9988730406166,108.115725522581,105.408386793866,110.834303502812,101.860066186521,109.732676005864,113.184432295438,126.818219794424,34,"10"
5.53922046775898,6.18775394321767,6.85276984809401,8.90239214609364,14.9131093474427,25.8526834326395,18.995,30.0828241552629,58.0188781118655,85.5647419727317,87.5876816811858,94.8255959123582,106.227743070968,102.01772563808,114.991106532272,100.987740353275,104.546993158495,108.864291817524,120.97255099403,126.965166334909,35,"10"
5.99821913774974,6.27727393235884,6.47479788548675,9.33308197530864,17.2193968118858,13.216,19.2182314267894,34.1064446330424,63.8301085402141,78.4605448990545,89.7454893045813,111.207638812903,101.722482593277,113.008653951105,103.725951634949,106.105720475647,103.362978276611,122.00855425617,119.698660425479,129.200609936575,36,"10"
7.65618493837776,7.08988548674997,7.42196,10.5141903582759,7.476,10.7683167993543,17.3156784675073,32.9003702091753,53.9070148218488,80.1878644236598,109.178741729032,105.873096698467,116.564669042713,110.27675633477,108.273258185372,112.111041274439,118.712921831723,128.681624844489,130.128775237844,142.470711812128,37,"10"
6.80235932994645,7.1246328042328,7.37593221388223,4.369,6.41450533807829,10.3996910766246,16.9952284496158,24.1628360926469,42.9708610894605,76.6055720258065,93.0915883821987,120.20187169349,109.709605193986,109.98166938155,111.138049963794,117.902065735213,116.727422928589,132.429924682875,135.331567472836,142.897725136142,38,"10"
7.85953587301587,8.68456534860327,4.073,4.71071313790953,7.14416355480116,11.2422547408625,15.0740026423352,23.7465715337317,43.8449721806452,62.408819040008,90.1905214122626,110.597259436442,112.173674648423,111.616425054308,121.948188711762,117.134690221448,118.754372159091,139.047936207501,136.719216179421,131.435849375257,39,"10"
7.78205973845082,3.731,3.50969523425175,4.82490817976075,7.45755851134698,10.198535692168,15.4044534078116,29.5811279483871,50.3250375605614,84.9266153032244,96.7389840185049,111.677127165119,107.343531498914,121.465264356497,116.968155822344,122.23236515592,124.73991657904,133.216858197191,127.142974667033,130.341510687831,40,"10"
3.311,3.20628018490663,3.72580609440673,5.49752142825421,7.91456273481689,12.5430196587858,22.8787902451613,37.0073255082164,74.9538307623768,98.0516532436127,114.444839659011,122.663346125996,129.276892103158,130.614083416273,136.266925013214,141.363233929197,143.317476282602,142.199882397364,145.733335520282,157.472870927803,41,"10"
3.98523997505228,3.87149603944391,3.8612141937203,4.19913954832583,6.84999463063999,11.2170783483871,15.2295100644323,25.9593530099683,40.8836543475975,66.1012645381984,95.0563787110789,133.218599002893,132.50532060214,142.042564944503,148.524676480897,145.976533319003,138.383791569408,147.883815238095,159.928096417241,75.52,42,"10"
4.815266933398,5.59876058089444,4.30748325832955,5.55414276435438,9.49600449032258,13.1363295539683,21.2563791279167,32.131132688466,59.2719375576913,92.6615503258508,123.351279743953,136.343856058721,137.205597846195,150.457188222923,145.632755230725,136.751443704517,141.69978356261,158.350762748588,76.472,75.1205093003632,43,"10"
3.58928112093085,3.27985958465794,3.37334688663722,4.97168712258065,7.42741471454972,12.4497431642256,17.2695432131217,27.518805451485,48.3587016654598,83.6095420077553,110.717344861906,140.531231633192,153.212875639678,152.384860776727,138.651300082384,135.973897566138,149.270325620986,75.465,73.6433059030708,81.0561006708697,44,"10"
3.32363482102308,3.44221412488092,4.39297945806452,6.36162704160631,11.5670129754413,17.2570017874041,27.7735558994407,47.7946915278784,92.2010273281221,121.593195322219,140.282553382664,152.094248650543,148.409570507309,138.624003295345,139.893380599647,155.959122881684,71.309,71.8860270756136,79.7470336647268,86.7737258071679,45,"10"
4.40520767298865,5.50114307096774,4.89203161680236,6.95555961463496,9.79485348543792,14.2358004561003,20.7369695872556,36.8866106358097,67.3887216969395,107.910599431818,147.203507395724,160.812172255661,148.67468028285,151.780858483245,162.635613247698,77.447,72.3275348717761,82.9200749676689,90.6172820091487,84.2695187647083,46,"10"
4.7076432,4.65769072473902,4.90372857381523,5.62134570497319,8.49743867079329,12.2472881969587,19.0738805317905,28.9440083354068,51.3905863504228,84.2222064493516,113.902607480654,144.734844020321,156.167837107584,166.032316180453,80.271,74.7743049491874,79.1449913918526,89.1540230936626,81.6134562982536,86.5477538754655,47,"10"
4.31610908546027,4.93177518516456,4.87722111239617,6.62063311071293,10.9391390296886,17.9350926940358,26.3256259019657,46.0124813689218,87.6635638976516,132.487516838636,144.949578745023,158.202377918871,165.954372514122,82.693,76.4080782918149,81.1760806256062,83.7577408180486,86.7077994302465,86.3055707543085,106.599867148387,48,"10"
5.43809032689202,5.05419456418883,5.28355307596243,6.6632925416365,10.8396939742722,16.8051346105997,27.7416349762156,45.2523638976516,70.1535219260533,95.3895321982699,123.450625679012,167.447609069102,79.972,75.6232835968742,82.2430452230844,87.0315324865657,78.4517898517815,89.0717381570971,100.970122374194,99.6822604764997,49,"10"
5.0973928083272,5.06766286583048,5.2207849384504,7.70884317104696,12.409286016422,20.1919734408034,32.4680554504031,51.5762098738894,79.6756817932171,116.606490229277,156.88419113209,82.543,79.8302499541402,87.1590096184934,94.2536511080517,83.2561220428554,89.3012956179094,109.222521032258,101.293519604415,114.622072172412,50,"10"
4.28038323288266,4.45745184648805,5.24527635871238,7.25001735506345,13.2675100422833,22.9522933052927,37.1508254514187,55.4980076204861,91.1317204938272,138.805362841445,80.127,79.5462845874454,88.3609516650501,92.8775049518142,82.6323249246522,88.7067417944055,99.1259192258065,101.428563508316,110.915491061981,107.53715156135,51,"10"
4.98897972483708,5.42147848833631,5.56158938790744,8.48658311310782,14.6889474237645,24.9248610633419,37.0271817245641,63.9627467372134,113.381369573628,74.776,80.3524739333015,88.5719878354349,93.0611480659058,83.1226075719417,87.246756343639,98.9316485677419,95.3012773587733,112.769519685916,102.871741194406,108.9194895477,52,"10"
5.41984698713609,5.57313137596417,6.17842864693446,8.80593571678934,13.5099090713672,19.8720609638885,30.4844524867725,52.0212438288323,40.429,55.6241474116741,78.1615842628516,98.3138120087045,86.7756510466125,90.1254069022257,105.400040619355,96.9323958843215,107.415569193072,102.457874145726,106.238133137862,111.254690803765,53,"10"
5.29942137347599,5.8561976744186,7.1633007360673,10.0911214531384,16.2288497871756,28.1619343915344,48.6614615801285,36.501,56.3418407014712,80.806499515034,93.3636883243772,90.9485254531192,89.5698778470598,107.02945156129,101.415323909895,110.121329119563,100.572479812848,109.716844057121,110.637527878349,123.945146180833,54,"10"
5.65830582716702,6.21562670872766,6.99711865864145,9.28818673623507,14.5877324162257,25.5019369341484,18.607,27.4610069339986,47.1574784594245,70.7485097037794,80.2400082572974,91.3558348921798,104.078452903226,95.9036790869587,106.442794620482,100.403867311534,100.551585002986,107.594530774801,116.575655259433,119.233683192336,55,"10"
7.03508601472135,7.16425938664374,6.69317218179322,8.47289008818342,14.0606271763522,10.279,15.8378765821624,28.2017168606531,47.5329593640361,61.9353931712151,82.5477151208106,110.802680258065,99.3499465561161,106.441318483043,99.7461392072337,104.208765162621,104.356640115858,120.001807779898,119.8569505474,126.449387883192,56,"10"
9.83471238177128,9.1407840862282,8.99648514991182,11.6587315638784,7.905,11.3809818028396,18.4008543081151,32.0292426166896,52.0750211799678,75.3189506798303,101.892223948387,103.855381899006,107.260574761931,100.642154400168,103.257408969973,104.858638667632,115.877372745738,120.140553682508,126.337307544926,138.535077322117,57,"10"
7.81052066456131,7.72863710758377,8.70917913797106,5.545,8.07161829988627,14.2358358794051,24.0372355553582,36.9353556830849,64.0993297826275,107.008930012903,109.878075221018,123.985211950771,113.759092209021,113.851861215182,115.063973931933,125.09535452699,125.941227108734,139.455960887949,143.9739829653,145.989828604185,58,"10"
9.11242405643739,9.30401238102608,4.447,5.40603929265877,8.1843469123828,13.1716846382733,17.4028452169605,27.4022740971681,50.3721926709677,70.8728943109735,101.832817397115,110.818824624119,108.0458538307,109.407631426503,120.483100633963,120.376340009953,125.20599663055,138.037083911672,137.524530596159,132.802508512975,59,"10"
8.80353199721427,4.274,4.58137274828484,6.60853875687035,10.8078681440689,15.4099775814376,24.3262041222828,42.5466422193548,64.6820580890065,96.3371577100852,100.491657291557,105.068008198947,103.296537291818,116.022576352557,116.435575516298,125.172722780127,126.211598597967,134.897762109487,127.117497665797,133.868297425044,60,"10"
3.527,3.37938236049455,3.90256227772389,5.63525376382289,8.30963424301226,12.9975434311942,23.0757971096774,35.1617254882374,67.9082267639361,90.5644220902114,109.423233371342,115.416849384504,124.338337970087,127.14324272207,130.426488636364,138.802655871013,138.014556821439,134.660509817383,134.780848818342,148.880607289329,61,"10"
3.57971409179293,3.72152109602328,4.24733561309233,5.01554770653565,8.37884731965013,15.5690147096774,23.255354627641,39.5102947040151,61.7302908737252,90.8250114025085,112.499351918899,132.177701237151,133.291824645434,136.67671875,143.377505783386,142.181679062769,134.096376218591,147.665027301587,156.648308983982,76.211,62,"10"
5.85759279017136,4.54398987431718,4.63798629288634,5.05600307439162,8.44119690322581,11.0272615253983,17.2176670936125,24.7679223004942,41.790587609274,65.7691926140478,97.9080185264972,124.768890893257,134.636506342495,135.062130739572,135.271929421038,128.329475010298,133.294212839506,152.076297608914,72.112,70.5994305682944,63,"10"
4.79708775591775,3.92226117831634,4.14580774227072,6.37399292903226,9.36436796363818,16.1282776633068,23.474761959836,41.4048637671716,74.2426328747285,115.983420323752,135.562298581737,143.296463728858,148.706778548896,150.4000646317,142.707602636276,141.825072380952,152.984956666409,78.7,73.5927367281799,81.8252578806984,64,"10"
3.76357594649271,3.97249185935741,4.94979747096774,6.50726262424454,11.4090662694214,17.1859337083377,27.4122996144866,42.3140485155684,74.0326299624546,106.537496329933,135.864136297569,148.511669190326,151.283251433075,146.348994027187,144.024171640212,153.959252495551,76.41,75.3023638331438,80.4744121403169,88.8832672203224,65,"10"
6.22674612453451,7.19759107096774,6.43841671245193,8.62802333351896,11.2705612448744,17.1618324374219,26.0832541636495,44.4796172216409,67.2634086837522,99.0737652616279,129.047187942517,151.254761536257,135.219184058767,135.818689029982,147.777089066006,70.718,67.318269105184,77.5049082605884,81.1490668383888,79.2944631518104,66,"10"
4.69806647741936,4.6047323310524,5.17976627499025,6.43096440963096,10.7110329586795,17.6290079652426,30.0310425924786,45.7359521025131,74.1901789112051,108.895178478794,137.006014474061,147.839398599478,145.5743870194,153.881308829219,77.054,71.0448283009869,76.1947700048497,88.016848425634,82.7308192064737,84.8559153892786,67,"10"
4.79670650816643,5.61375068218522,5.80528661549785,8.04982630178639,12.490905141202,22.7724937526928,35.5377812266733,55.1260138742072,90.4099603925692,124.544533605618,136.291037896471,148.158702645503,149.381087673141,73.32,72.1038635212973,76.4604399046234,82.0284348270196,79.0427555427109,83.4361024941543,101.372344722581,68,"10"
4.84025466391936,4.86746667017138,5.77866129119835,8.07331788559015,14.482836154367,24.0172282906196,38.6572091701903,61.2123094286716,97.3860646316996,125.436015584237,145.394868712522,158.566133405556,76.098,75.4958881755146,80.0105610653088,88.2840727006262,75.5648130135007,85.5124497272019,99.6676881032258,98.1345514210079,69,"10"
4.4549931132373,4.76829510778085,5.37581390296886,7.84588927186558,12.2773775814879,20.7856489825581,34.1144067998598,53.1773420750932,78.4873616641494,115.007655308642,155.821695891047,81.972,78.4639097479546,85.8006651309408,95.1306646977839,84.9688281656414,83.9032519269074,104.625694193548,98.4496538634434,112.298631842735,70,"10"
5.13530846500516,4.88858001448226,6.14749652243491,8.81807887534213,15.2131546643763,26.0461702769015,41.0577399684723,65.3394092406975,111.901614603175,166.733809177436,81.699,77.7685835932054,84.429465648238,94.1865507394413,85.9953574584039,88.8812054646228,104.514877832258,105.11711562859,113.805768168402,109.163356429398,71,"10"
4.49731643736423,5.07070573028867,5.1625663722319,7.06456382135307,11.3163427970557,17.5117899111493,25.6571600302073,43.2190323809524,83.8735384198716,59.992,72.2079193234765,88.7680265114775,96.9270710574233,86.6727792411544,90.0817909846713,102.097439432258,98.2801870036462,111.728842791112,109.145241036694,109.952884020199,72,"10"
4.79987653105189,5.01746709380443,5.53046419133192,7.19488987031195,10.4026109916882,15.0550879445284,23.1092420458554,38.7790251489592,30.758,45.3751371390835,66.7099260830909,96.2054477949993,93.3364645968375,94.6763835628302,107.716239380645,103.483349183357,111.514802862394,107.227796393649,114.002984362274,116.005959449674,73,"10"
7.86833814381687,8.67221617336152,9.21473627760252,11.3332809544282,15.7557054785116,23.2064811287478,36.2684186334442,27.459,43.1403686025608,67.0945046880052,88.2134407336679,88.092191280294,86.5144680436477,106.205853419355,99.3552423954847,106.091473909896,99.0591477762591,110.436478090894,109.116767559739,117.215203729919,74,"10"
6.35180292019027,6.89758037153873,7.23643379191746,8.63488363311822,13.1384960846561,21.8098685289793,15.864,24.4531135121253,47.5238458212092,75.5844450415242,84.4566579001693,95.472947951849,108.073314322581,103.750789071475,109.178077295762,104.644262695826,104.608881685399,110.994832729906,120.215534437127,121.804248818114,75,"10"
5.94433179109709,6.03795879908283,6.196370657696,8.75525742504409,15.7446205989321,12.182,17.7546428073522,32.3024603136114,61.2897121286139,78.5798324181495,92.5633071360526,109.318288258065,104.042060236751,115.614036531715,109.630176164441,107.074347885106,109.341190441709,122.088497814981,123.913134921622,130.85904869186,76,"10"
7.50613814846661,7.43382500343265,7.12276282186949,10.0772955969976,7.469,10.3793231463477,16.0441051972195,27.8384125771639,44.3092942487924,68.8064055165844,103.327364232258,113.194594625643,119.707365651278,110.947025864788,111.836885920617,110.135529326575,124.470489567305,124.292371672058,131.424704149049,142.452129968454,77,"10"
7.85965488123026,7.42009001763668,9.83731115066161,5.234,7.95005778332172,15.0253468315551,24.4056989829906,34.7268950084637,59.3406036199879,98.6498193032258,105.620220368613,119.062293590243,110.335282988119,111.583574740729,114.126417813179,122.847145873084,119.204003794476,132.267057941332,135.757091692955,144.204461736887,78,"10"
6.49070878306878,7.29798854755088,3.784,5.08998194959093,9.16561154219205,15.6167278944797,22.0036225589365,38.6230427816749,76.34016,98.1252837021128,117.004557999666,110.510862948165,110.668200249769,113.943335988414,126.640386163599,122.397836775317,126.659538517442,140.183286855941,144.375401117799,136.627698269944,79,"10"
10.5408552967577,4.819,4.20988380966357,5.57264039767216,8.63475796065195,11.1495527022006,16.6555415692388,30.6427760516129,51.4954180610359,87.6176138553211,101.01282320471,113.837468534506,115.870124547429,126.354873453561,125.82910493904,126.557965710888,135.833277252015,142.821752077959,133.164645887684,138.93594962963,80,"10"
4.17,4.82935620207653,4.50460455059813,6.83835160101257,8.85791907848561,13.5955406166104,25.0663873032258,42.1667970131362,82.2060940023389,103.496025496793,116.654116142694,120.098724112962,133.484533698529,134.216832545409,140.928766582981,142.979854328777,142.417195543136,146.150637374708,143.936282469136,156.348841213341,81,"10"
3.21697751036431,3.46013619463304,3.51511755562464,3.68478052103547,5.38427024335325,8.74902012903226,11.8242853503821,19.7389098401738,31.0247002418253,50.6219364717381,75.6393700217234,125.054566996984,136.662085158,144.277166688689,150.77307956537,151.340231226713,140.185379513937,147.911864973545,160.652152054477,78.212,82,"04"
3.24267252667313,3.44801718701426,2.89463750464473,3.2872628388326,5.10712934193548,5.85057854253034,8.0759479311689,9.71821143938598,14.9338454688603,21.3674207096307,31.7131203299071,53.792259766111,93.0196757399577,148.678905783386,162.548156635139,152.432537965124,158.28091717813,171.379661920607,80.633,80.6315768793337,83,"04"
3.77292423502243,3.45714929193675,3.50075127738807,4.79109749677419,5.90750881574347,8.60883354680626,11.1019487435601,16.9113997936689,27.1374511223751,46.2024824890749,66.9155001866136,116.293858483087,154.946561654399,157.266129764976,147.013215845119,148.166182574956,156.970339394877,78.982,75.8275052647026,84.0523857904947,84,"04"
3.89161851286074,4.09645288819607,4.85129403870968,5.04296303880925,7.70248515899092,9.6917350962044,14.4473728620296,21.6804315713251,39.208236843725,60.4618800074645,87.5522567389006,129.034180651945,152.759028088277,138.414727928052,140.903171075838,145.803883618355,71,75.3325108412518,78.143373019722,88.4512350224275,85,"04"
4.09415731358794,4.96758281290323,4.37171539883123,5.53994381021329,7.19459788665756,9.61574995927676,13.3959790007241,20.7951142980243,33.1518874098034,56.0716917283298,87.3718289519804,142.713490470049,152.751000480571,153.389043315697,167.712207304805,79.652,74.6731665994057,82.889008729389,92.7903921925656,85.98769679204,86,"04"
4.30131654193548,4.08574007292343,4.14056551762544,4.29474156240143,5.3699091600152,6.0357943519189,8.09061445189881,11.0127054615576,17.5405729386892,27.2967283561164,37.2002079392376,59.226748729919,95.9413151322751,157.18776120096,82.53,76.0589564882415,82.1573452554155,92.0334529466625,84.7193093183601,88.9672895124275,87,"04"
3.90303361470456,4.28375084925099,3.71086852066029,4.10479252864202,5.21044967414917,6.87351455653351,9.09508658870366,14.9592226479915,28.266700595864,44.0567764402408,57.436079500206,88.8054624338624,143.332248936006,80.118,78.2917800564992,82.7593875282897,86.9926849047386,83.797840592874,84.3864703819174,100.188935432258,88,"04"
5.24619245976499,4.88558206287457,4.92229679100831,5.63124257784214,7.69415966024497,10.1190258148793,14.0976050475687,21.8188008412198,32.6057372456291,45.6547862144721,63.824368042328,113.229584539194,78.185,77.1850931136956,83.1568211283544,87.711953768264,78.6334570826968,85.9210620074478,99.8578544516129,97.8406323360472,89,"04"
4.41318836084534,4.46029174132595,4.39544026068067,5.53078906875115,7.22693337894999,10.7754737711416,17.1677653697862,28.2334877472055,45.7457755045998,73.1630599647266,112.056327245996,75.957,73.7240220860696,79.3056788312318,88.3358694763956,78.2909158581396,79.0343381830778,99.5787613935484,95.6243235602617,108.537433647046,90,"04"
4.66466780691752,4.54161042722665,4.79824502985166,5.20708546902214,6.91045335623679,9.06979789695058,11.4301466036114,16.3325775779212,26.3966710405644,43.2464279192138,28.12,41.106904281469,64.4228081959263,92.2276908557978,90.8139166012964,88.4243861176063,100.236819045161,101.37560511463,109.390641087041,107.330914782883,91,"04"
4.93287400434468,4.87982008986274,4.68769600646927,5.82292382399577,8.45473887136348,12.0246357838922,17.2697672662364,28.6032502292769,51.4366663313472,37.995,51.2187942913747,79.4160175396056,94.3560674601412,85.3704659592915,89.6433362345198,99.8359648,92.630850357125,112.419675112769,100.27009210388,108.44453108541,92,"04"
5.00870868468025,5.03395564817119,5.60576816860465,7.58139221871714,12.2373603468042,18.6509846903748,30.7499899823633,56.3696799504759,48.044,67.9834482518252,87.0679534028451,97.0106522183239,86.0041125056769,90.4364572616264,104.881529496774,102.504942859997,108.727855376733,107.245911786353,108.218565998805,112.800551049964,93,"04"
5.8501390893257,6.58471987315011,7.13542797055731,8.94202894812267,12.2671760950158,19.1934989770723,33.0645237174031,25.233,38.7904470778149,61.3911718396379,85.7342586934316,87.2965763593576,87.0895094829826,103.527107303226,100.741428350232,108.810519073342,100.212958942277,109.785928924363,107.776136133237,119.567828460639,94,"04"
5.96477550211417,6.04095737819839,6.11013320435655,7.16267691885212,10.4532014109347,17.6788542134179,13.722,21.9100675055949,38.5210642175881,60.969513878403,73.3771455761529,91.8746347536157,101.291626632258,97.9862679186854,109.036368101576,101.297095520976,102.835703426182,108.245652425778,117.610027020373,120.041622356308,95,"04"
9.63282776025237,9.28200838349097,8.66218042015653,9.55373989417989,13.6709088446955,8.639,11.9586373775544,20.8775833737472,35.5490689701115,47.4829988852649,66.0850018186542,107.634153187097,103.77197242895,110.599597649942,103.990715066765,105.09535429223,105.286813902969,118.195735951253,119.177622107489,126.100888081395,96,"04"
10.4899800085985,6.58580481944254,7.02552373897707,8.76866246227656,6.021,8.62398928715559,14.3804545748464,24.6482020695475,36.2415181866975,55.6148860310037,86.3943506064516,104.571644173618,113.854480703904,100.21574592577,105.138532334256,106.56986314265,116.474502185019,121.497561706892,125.92751380814,133.681499754644,97,"04"
9.33914073870658,9.59300952380952,9.40656983672522,5.029,5.94965792273544,7.89618077109602,11.1080540036417,14.8540320796003,23.732798086083,41.2647294967742,51.9310008491084,78.0448625605614,94.0272490800126,107.426968561655,108.14968211441,115.794166184526,112.052917765613,127.890670983087,131.962679214862,138.922434866724,98,"04"
7.73424705467372,7.64668389692796,3.628,3.77712837069377,5.67333785968316,7.92726109161967,10.4130343503571,17.479652853555,32.5718016,45.0344940312672,65.7146865289302,90.8459074229839,112.983982570451,116.342593772629,124.028352742045,116.039850211495,124.237552457717,137.804810865755,137.942382416165,135.863388232871,99,"04"
9.1583807939333,4.278,4.1525072458451,5.49122542838668,8.58884718212906,11.4319029767557,18.6033366242314,34.3106608,51.3564022776085,82.0274813721669,96.4268418673115,114.43908258674,110.957921071687,121.429371330092,120.572553806917,124.859248084038,130.866350438135,140.60333877902,128.715269600439,138.135597178131,100,"04"
3.886,3.58165906005797,3.57475990139024,3.98599733534663,4.97614999380703,6.29331778817009,9.57535447741935,14.5384030268218,26.1423940524587,38.6512805698665,57.9377360590759,91.5025242577842,115.759904659322,113.907880131874,112.617973639006,122.673615562566,120.415397893379,128.103821570781,125.240198800705,138.405388764219,101,"04"
3.41147433686759,3.55976240704817,3.20315970155882,3.13759006647124,4.64165185762536,6.72422735483871,8.24297397732381,13.8033611961909,22.3892318893912,38.8890231851007,60.9692005792904,99.7043013479412,114.877407128639,117.733390327696,126.549788152822,124.89021102035,114.966787862145,116.731779047619,125.198039619283,60.533,102,"04"
3.99576099256385,4.20731083181596,3.41337405557161,4.31338468866372,7.10182384516129,8.13440927026622,12.632784206716,16.8152649037956,26.646609002552,40.6943649529327,60.9496218378778,88.8221935182881,122.757741741543,143.392371258325,145.334560977357,135.295615062474,137.471753439153,147.686838504991,70.153,67.7461621234912,103,"04"
5.60111497979305,5.13702398744891,4.85054914696458,5.98134730322581,6.90180265720993,8.46860049005959,9.14130585637683,11.9862244665255,17.5714257784214,27.066604911676,35.0859948370241,52.7127840909091,83.5142382053978,113.346104829464,117.418039338185,116.900077460317,115.055107250638,55.731,55.1145657262355,60.1035298254122,104,"04"
4.5132268692457,4.75757837533558,4.78152077419355,5.6281532890465,9.07676911510831,11.8363188939123,19.4948859749145,30.853716871832,57.3440041853881,85.0974290868375,118.810412328224,151.503346021732,155.290830252221,143.504668817795,146.66832670194,157.161096262478,73.171,71.4192346920057,77.1535383931458,85.9014210152329,105,"04"
6.13607092751364,6.23171019354839,5.06282243644174,6.7164253494459,9.35451009357586,12.298545637183,19.0021216509776,31.7212778359082,49.6651746081115,76.0254944503171,106.916212127585,140.772378833477,141.821366950433,142.831122892416,155.068924166215,73.784,71.0175987452764,78.0169655674103,86.3369848114758,81.4919800173403,106,"04"
4.40118807741936,4.27771425003746,4.452030517347,5.8624197771002,10.0014738013792,16.4685054308472,28.9183587739275,44.937906071162,76.7697779466173,115.737013319313,155.889118085411,148.292525264314,154.238015308642,168.735730712683,81.348,77.1316064864072,85.4632215082444,92.1959064706666,86.3488424920524,92.3785133800987,107,"04"
4.34258828230358,4.90077629893635,4.3309723478078,5.40589086170386,8.48525199131065,13.2526842493999,21.0789679024633,34.739651096723,58.2949599719593,87.6501172255661,112.351755663875,140.392665890653,164.740092238644,78.759,77.4389114722823,80.6393845780795,91.776823466714,84.5660959910821,88.9707328743396,107.35916443871,108,"04"
4.18632577824804,4.13309651981916,4.06881082695336,4.69073352643012,6.85393654213085,8.92030791241602,13.10464330074,20.3211042411497,32.6304284895386,46.9923287793492,66.1543660670194,110.3846407181,72.007,75.4482364530212,82.292322704494,90.4018545099258,80.0616241691095,85.701834632372,98.9685873548387,98.5754300484491,109,"04"
4.35884218273578,4.62724683716132,4.39544026068067,5.77714574998461,7.73313199800946,10.6528859011628,16.1216075709779,25.3313169246202,39.238221474667,56.6455057495591,81.6152232453765,60.906,70.8853409032542,76.5686361138054,88.7396488875072,79.4246944799967,80.6366492595479,87.2672004645161,86.6518477099046,92.2777797516289,110,"04"
5.41452647010914,5.10266763215062,5.50468504954761,6.51462783030605,8.77554023520085,11.5170267087277,15.9277516480367,22.1686306467115,35.0210297001764,57.5367837963321,38.037,54.8374077484683,78.8771789928872,89.1657950881556,83.2112524255811,85.738563826102,99.6061234580645,91.9423912391988,105.1334607117,95.2577022920829,111,"04"
4.88267414916727,4.97118415707515,4.80311588703658,5.40262255549683,7.61483953732913,10.186087775867,13.710266236441,21.1775502645503,36.9965765689081,27.258,36.4603750963055,59.7457324603944,86.9714953146512,79.8744850336485,85.9933726076037,96.648284283871,91.6233169172369,95.4603320710586,91.9467659026391,91.6856937069012,112,"04"
5.86524681479658,5.6869024010948,5.8561976744186,7.52007213459516,11.4605358268845,16.2688850748318,26.8529467372134,46.8359388686837,38.087,53.6159676780277,70.1379247898481,82.6770717235866,74.6520993352876,72.483916038798,95.3157517419355,94.4724784975775,99.6289442000334,86.3602574913258,92.7219667155345,91.1304547429399,113,"04"
6.37117740731525,6.0698508192389,6.02980827199439,7.33899742046432,9.80864547576548,14.5783825044092,23.1451666021822,17.704,27.8859824999083,46.8350323310702,69.3688319491939,75.8121430989637,84.2039722005716,93.4523951483871,99.4783706608062,111.067533218244,98.3972391967196,91.9620331758701,100.739297610427,102.916727211177,114,"04"
5.77563993128964,6.03538282509639,5.46436220980224,5.57036434161747,7.2312217989418,8.80763429544223,5.107,6.38727578236783,9.61446512285807,15.0599125549585,18.5092643160893,27.9543597904218,46.0831890580645,60.6413326507167,89.5572584507434,94.7630127221113,100.114047510452,96.2434576393918,106.399982273651,103.124365576014,115,"04"
6.75635835962145,6.88315907136715,6.56214760400934,7.65009784832452,11.822823492997,8.2,11.8886185200132,20.8593721306175,40.8452892925345,61.7176113702985,86.203417684247,111.613965470968,108.429663153689,115.606655844517,112.454783934392,111.975055655101,113.094367849385,119.456886379024,126.180311147052,128.316226017442,116,"04"
6.59066279736314,6.26552251819305,6.30558052910053,8.05281142149656,5.658,7.59801852735077,11.8073130455868,19.6474588088999,30.6590811692333,50.2317635749545,79.9191180387097,104.974127965636,117.88876432589,109.575829986332,112.08731856437,112.440293265749,120.690301286391,122.170294725056,131.158513345666,135.794255380301,117,"04"
8.01433667444734,7.88197566137566,7.57489367793856,4.052,5.28156132369666,6.66959998383447,9.72131305236044,12.5744366458858,19.6994734996103,35.8880838193548,48.4026478697368,86.4662266525589,105.756269109452,109.007284899821,106.968509051412,118.476354157691,116.142079248569,126.838166556554,135.004527024185,133.296629908283,118,"04"
7.42009001763668,7.92358902731564,3.657,4.0396990864732,6.30537512124151,9.29987564950926,12.1717044713265,19.1336143587079,37.116640516129,52.2130042954897,77.2669381299772,92.4233400799075,103.320736764945,102.1862346126,117.427298885948,117.228674981339,116.055687764271,123.717915177007,130.329881986242,119.911145887684,119,"04"
9.37580260001548,4.513,4.26628788934952,5.30697049789848,7.57763285517609,9.54847343214566,13.7286839438815,27.433205883871,47.7247804305479,82.5146067271816,100.431737146462,115.832294076125,116.075353367125,125.68758946267,127.799487185867,132.333605642178,137.154446337189,143.685945614789,136.649535699574,141.105129171076,120,"04"
3.545,3.27046413765271,3.43978245231167,4.39213114535684,5.802407580199,8.18257569065558,14.2241692387097,21.4693328005594,40.7089183048393,60.0622812532857,83.3005179453766,105.599824764663,119.20726669539,114.765284958945,118.228995573467,127.016192429022,128.648978073947,133.157366744473,135.012726631393,151.668118935232,121,"04"
3.21308757383424,3.33587124151309,3.46802957765244,3.54141662193964,5.06059422360786,8.07454523870968,11.3794348434144,18.3941486328451,28.1025480496268,44.6532917956236,64.1539384503983,107.104790792146,128.327120925603,134.59622747093,135.833277252015,141.469431642304,130.445885898668,139.749391957672,152.531652712219,73.723,122,"04"
3.32944374393792,3.62459710441,2.99203740555716,3.19084870529142,4.38066652903226,4.44320923030818,5.1546719385198,5.33707338870781,5.6995015474833,6.54812816799421,7.90462331507355,8.90876592435929,11.2658252510571,15.7592616193481,23.532654772141,32.5450492928738,47.6153609171076,70.4241536794862,44.378,54.49412084969,123,"04"
3.62695150330861,3.29846406011312,3.25053364510262,4.21102172903226,5.35806548124469,8.00066492175753,10.5013538008622,16.0262499321279,26.5955879797248,46.1551689542685,65.4084463174919,111.815898718288,154.125244164038,161.499728432216,146.20887052039,147.118992451499,158.244102994661,80.366,76.5335287449096,82.6436925719366,124,"04"
4.41801573015152,4.39946873646835,4.37793032258065,4.3650955996204,5.88978838336025,5.9906210177689,6.46950996362057,6.72678059377263,8.36307515233582,9.41826225429211,11.0591771273784,13.7041097090782,18.5355268701634,26.270427845668,44.5766395767196,73.7080434109727,50.681,66.759090728987,83.1086148965406,89.5177777234978,125,"04"
4.18138914869663,4.7924656,4.25255901303631,5.81155309907,8.47661029334455,12.4597436607482,18.8928631426503,31.8534294331261,53.7444429584474,86.3193730179704,120.283990466176,150.139856907423,144.920462172182,147.128342363316,159.218398823803,75.555,72.3148925780533,81.8348991270611,87.4741594795044,81.2391780273317,126,"04"
4.07421140645161,3.986443084761,4.34870089658629,4.79361160761224,7.03658158223381,10.6999514844316,17.6903675140026,27.7205576013934,52.7110328356237,87.2324651244304,118.635729005446,142.412797336263,139.487594426808,152.987007815523,72.959,67.7014278533955,74.2675919818946,84.4146181107608,76.8583712480905,80.2544360872954,127,"04"
3.8474273013336,4.44317369271036,4.06481542424561,4.79564120106423,6.95415640839971,10.7401724010587,15.5915770092063,24.4422700184989,39.8097418857343,59.8572732158212,78.9859829740492,121.098187865961,156.828810106013,79.491,74.7626351395972,82.1091390236017,85.9838249766843,82.0096221873581,87.7070190525678,101.428436954839,128,"04"
4.59078743665423,4.42433629481653,4.228569582451,4.82361549601738,7.07582070536099,9.19236905946753,13.5249445692389,21.4545967052226,34.4233926626541,49.2397642455032,70.6273638800705,119.264065232531,77.952,79.8244150493451,85.4385827675396,87.711953768264,82.3390308410057,89.9807857019139,102.123433393548,102.089219469557,129,"04"
4.12612906108716,4.25159787153174,4.15772918175235,5.00707718348003,6.77844470017417,9.43050971194503,14.5347181212759,23.0293332616796,36.8124469998627,59.7197567548501,92.293505532771,67.594,77.7841433393257,84.7797642660847,87.0951012568282,79.7924064654639,80.6091023642505,102.569435045161,97.4024016282903,109.933859664755,130,"04"
4.13933496226313,4.25369949312093,4.41973675140026,4.76519221199303,7.17314164904863,10.5284726253067,15.1186385783892,22.0921996430043,37.1509396119929,67.2510260001548,47.56,68.3714694206993,86.9554721952797,93.7592273393436,87.4038256884522,86.426088421235,100.108217341936,103.193401977923,110.317655399009,107.696009620439,131,"04"
5.0052208544533,5.47042352434296,5.18235263747201,6.62499874471459,9.91527178408693,14.9021153625681,21.5844794040917,35.4586055731922,63.3805076220692,45.732,58.8333450489782,85.6699726802457,92.3512967979749,83.8974292556046,87.8837782973932,98.1737193806452,94.7597777833275,108.52710068497,100.716009462727,108.736702503122,132,"04"
4.65140992183172,4.6860471510326,4.78267818446089,6.0874119873817,8.51088184293494,10.7185383770424,15.6872820458554,26.0947190280895,19.867,27.186766408629,38.3453792838668,59.7605300439668,75.3929952107675,89.3713106434572,103.294529754839,91.9106162029869,98.8274015704182,102.36729718221,104.0101461693,104.706562635771,133,"04"
6.28708578004479,6.5987299154334,7.04251875219068,8.17470106047578,10.4055352190032,14.3259348853615,23.518475740927,18.561,29.0344862604102,46.3743950048497,67.6795507394413,85.2227245365592,92.3681832943622,109.353858941935,99.3711299135907,106.482650331347,98.2286266954053,108.492026931639,106.956697320782,116.949269034283,134,"04"
6.49540585359408,6.76936565019278,6.44441466036114,6.90244754908692,9.15543365079365,12.181774587944,7.663,10.7916564185347,18.6525979631426,29.6254013412089,36.0686060030552,55.7009700788083,93.9175502451613,100.895007691923,112.399009188617,102.790918673115,99.7916514633219,109.391390296886,118.898912968548,117.283087210749,135,"04"
7.91400722046968,7.77394317856119,7.29552128243856,8.7085078659612,12.9858250406252,8.901,12.5790822540999,21.7292268024572,41.2361195097038,57.5140942983362,79.0320426084697,109.838167483871,102.642634683582,112.624858216851,106.384733887078,108.490587663572,106.73522737147,118.494300670893,122.152157315253,128.540386693975,136,"04"
10.1955844081399,9.18809851709461,8.7085078659612,10.5552133405556,6.873,9.65093253109293,16.5422362592952,30.1951658746725,44.0663416869659,67.2626315926214,102.357379045161,107.107027271365,107.870219524419,102.33245988855,105.846652223489,110.878191889935,116.303194558996,121.975729783528,130.922093882135,139.438154924641,137,"04"
9.36461773994233,9.04510469135802,9.4209278805231,5.181,6.68971834758044,10.2325761396702,15.7332706399609,22.8112756698733,38.7274914263445,67.4488571354839,83.794742370511,114.444935679679,103.436105351698,103.752517185209,107.480842867487,115.608175047701,111.955635294849,127.211183932347,129.660388783736,135.091493407853,138,"04"
7.9941746031746,8.63123547163971,3.773,4.01830443555784,6.04077647106369,8.4087356663854,10.437110730358,16.1183771109379,28.7766832516129,39.5466804854902,57.2859417497355,77.1464900641363,103.114921431286,108.035994207096,115.710959623315,113.307696752924,118.670311905391,135.9763574483,134.738218687303,131.736114032679,139,"04"
6.39138063917047,3.006,2.81242411123748,3.45156619786615,5.62230456988053,7.24261285661203,11.1484580843509,19.9469450322581,32.4595234503771,55.7168076516122,73.0886420986227,104.152633707987,113.853271542361,128.976695882317,126.289135605872,129.218122489429,133.924921906765,145.885365649183,133.315688109296,141.903611640212,140,"04"
4.058,3.62736581428624,3.49870118008406,4.02131331882578,4.85029618925726,6.42186996622499,9.70395618064516,13.7678583986814,24.8064896697667,36.3102144359163,52.9132512352718,82.1343454018827,118.957647011756,125.835700360786,134.613740023784,136.762369435682,138.525475637719,138.664038583002,137.924289171076,153.108025613248,141,"04"
3.82089015665701,3.654032371484,3.38444841675179,3.31597415465918,4.616400536936,6.6366687483871,7.77561615303931,12.0039496575152,17.8394813373988,27.43964570777,39.9192201303403,67.2586369791346,98.3245473998507,129.822305562896,144.882635120925,138.179798222987,131.355778799945,139.498814320988,150.306155923547,72.89,142,"04"
3.54047991432266,3.69287467246969,3.26563263283927,3.83820074478219,6.61888340645161,8.85067154487788,14.1310637077463,20.7908968562717,33.8242388554053,49.4955807385952,73.063518249523,103.869648233391,133.622529532241,142.017314826498,142.555846374319,130.762528628313,132.467680634921,151.840415460806,74.799,72.474379975786,143,"04"
4.74646817959764,3.655232236489,3.68898839525418,5.05924572903226,7.25662389491034,11.4474458428468,15.7506372095468,26.180286148667,48.0102556118755,84.0826773558195,111.421406133367,138.063712936047,147.891035611637,144.250045571797,137.635859604559,136.701320705467,144.425511413758,74.788,70.3242175587922,80.3833559246686,144,"04"
3.5282840510301,3.60060877284143,3.86078730322581,3.96923160681285,5.56651428412318,5.7383990116707,7.42230542433621,10.6379398986242,18.3331789868899,28.1525577258024,42.2122573995772,71.1257230283912,110.157135712238,132.493144926541,141.187408395062,153.780802522634,70.693,72.7106936199875,76.192627505658,84.5864892303593,145,"04"
3.73949103663289,4.34372774193548,3.97187952649718,5.03067639360695,7.22943518031753,8.61833718846718,12.7035162925416,21.3775602265034,34.7743611594924,53.0840502114165,74.113683491062,112.890266480367,142.723980708499,150.743018271605,161.61208983982,77.887,70.5391365520784,80.4947658826382,87.8108385220056,82.7472349201107,146,"04"
4.11662260645161,4.12016302881974,4.41217480648215,5.15452596992956,7.46836200249769,11.1620854453295,19.3218687142242,30.9984822095049,54.0524943842495,83.2596669470733,113.832332401834,139.879655499108,149.84355675485,163.675545848487,77.528,73.7006824668892,79.5563512366634,87.186922813874,82.4626958837373,87.1618200831385,147,"04"
4.04204939813196,4.53764648883444,4.17211428871833,4.92373605907585,6.54517523533671,9.71395814611928,14.0268131998009,22.9379417283298,40.3281753242201,63.7888789767842,84.7073895372786,124.615624691358,155.944764837886,74.425,72.148597791393,76.7871710313612,81.0372328907048,80.4512237727592,83.1847370745648,102.806116903226,148,"04"
4.52878966419781,4.16375333823993,4.25303713959928,5.12481462708183,7.51469452822059,10.3795449738741,16.7420005285412,29.2589710480196,49.906701920321,70.5348977069889,99.8495782716049,158.428706414919,76.879,73.4945158307957,80.6608095699968,85.5435523826442,79.0121128772553,82.6498681908721,97.849478916129,96.0943293042306,149,"04"
4.16793381347913,4.40847809089428,4.63462780593773,5.94029587000677,8.16513212241851,11.7404154334038,18.0355374693305,27.8935083118372,39.103557325278,53.8424021869488,74.8013058887255,50.936,66.0365350185273,82.5140713708374,89.9156711373629,82.2142714173651,81.8808506971508,100.551482787097,96.9072406473203,106.909254051345,150,"04"
4.40416028669164,4.46631064446054,4.68240844463593,5.23346715600896,7.62321425739958,10.4448543287767,14.8337396102035,20.7491977207195,34.0093692416226,55.6907495937476,36.898,52.537482775067,79.8166648884578,96.3890909090909,91.0481141158499,90.0553918766779,103.784310709677,103.1550071425,110.257133763992,106.65507128588,151,"04"
4.22564663287473,4.80313953345233,4.7948716098532,5.94726294926004,9.32994370837715,14.2962302235598,21.1968650281477,34.7143525925926,63.1897507544688,45.058,57.9775590123638,84.499096871969,94.2148035262246,86.4046559184179,88.5173568892353,102.401158348387,95.4733921382548,109.290263741159,104.741807118074,109.675105283162,152,"04"
5.41984698713609,5.61600161731774,5.53746921247357,6.92359495268139,9.62198781885927,13.3317507895098,21.2093399647266,37.4355224793005,28.003,38.35185673405,55.8935189136761,86.978558511347,87.1324192229883,87.7563739066424,103.658445212903,95.8613123720094,104.188732750459,103.444466302176,106.671352826193,112.884709630702,153,"04"
5.68360469022145,6.08035835095137,5.83284072905713,6.80338736027515,8.90603171769875,11.9959368606702,18.5649506306585,13.563,20.7440590307077,35.463717870999,54.6820916196651,75.0187169398456,90.1609883086516,103.67896676129,98.5198237350782,107.204481539233,98.3038752497109,104.371402454254,105.812435916003,118.442092632486,154,"04"
5.67756963530655,5.98892821591307,5.66948946689596,6.20364980090622,9.41536119929453,14.442140911553,10.039,14.7253547345636,28.8466091173618,52.0357472576276,67.3777494323108,90.20575201351,101.614498993548,96.3908963088757,107.55432611238,97.4106470402692,96.4611851550198,104.05987038378,112.668209884902,115.535300447873,155,"04"
6.13015022783035,5.93729449699054,4.90250295208019,5.12001171075838,7.18517534628182,3.529,3.72266925927285,4.54852578402845,5.42806666074521,5.89652433838405,6.92574859270806,9.78877858064516,12.3935880825134,20.0370896029404,29.5211226474608,43.2140237280773,60.1113736422882,91.9187776204838,111.848459691466,122.037975819239,156,"04"
7.10538026655202,6.72228875463408,6.01386328042328,6.91442366323609,4.345,5.04038525883259,6.9588373747171,10.0497516987165,14.3451449568556,21.8297667359487,36.056360516129,53.7117268368213,87.3002443058417,104.595490484702,103.270362382581,104.084970311369,111.826355265587,117.840400348345,126.454641649049,133.060866175955,157,"04"
7.36831271454071,7.33594081128748,7.1995333900797,4.313,5.84365715229115,8.84745041222115,14.5101604121331,21.301030015276,38.6769887849658,67.6732260645161,87.2264462814045,115.9166447068,105.079032120702,105.738707118423,111.208920347574,119.022907059765,115.029101828813,130.160297832981,135.848142726954,140.058232086558,158,"04"
6.73006652557319,7.55438218679873,3.29,3.59624632204571,5.53086166343356,7.94609628280855,10.4382051112671,16.0414753615658,29.9956632258065,43.6800831127316,66.2313346327338,88.9201018294606,110.240737633708,110.29498769008,118.277311011264,122.216462677283,123.368929836152,137.041097090782,142.280444038406,133.96717142661,159,"04"
7.90717983440378,3.842,3.31617089188098,4.13716593921759,5.8506812630457,6.67681792659263,9.41759482982593,15.3980018064516,22.2822441436492,36.7159665311578,48.2259623593734,78.3148933593962,112.446199131064,132.428952421986,131.431915712864,134.111129756871,137.927451033999,147.837873244483,138.660399011396,141.697913580247,160,"04"
3.108,2.95537927871739,2.92022639831878,3.67874827907803,4.79667152470996,6.89705391010652,11.7164360258065,17.6351450976475,34.4131921256335,51.9981445168752,73.7250674919911,104.728709630702,130.795819720564,128.005594115452,132.041146009514,138.512779109709,135.708774505589,136.218246464369,141.224808042328,157.995913951869,161,"04"
3.18974795465385,3.3915762204979,3.02304818581516,2.91543074191817,3.51682029964493,4.25480103225807,4.27374237051096,4.51845670212174,4.47868247292609,4.62148976489113,4.8369036929761,5.18164781190374,5.38351300074646,5.65130080602537,6.0075100595864,5.3333086844368,6.31829630646711,6.07370271604938,6.93493515437592,3.366,162,"01"
3.10019633042354,3.45037158591287,2.6702894182734,2.79945323460639,3.90593470967742,3.79182098796264,4.28522698669043,4.04948701503522,4.4214315035022,4.63610427226647,5.27790638271681,5.70009324458821,6.26073764534884,7.27293361373992,8.34753976784179,9.69217918440203,14.6139121693122,23.5328337847249,15.504,21.4296603441318,163,"01"
3.51511755562464,3.14196759010776,2.94177886031004,3.61589682580645,4.05793691623795,5.14138670156485,5.40674797602776,6.84947673345279,9.62508399710355,14.1026963747153,18.5875473376462,29.9184452959831,49.6525444794953,75.8040181284036,102.259223602911,135.32688366843,156.590876808791,78.147,73.5528648787467,79.420302537989,164,"01"
3.11898559101606,3.32513981986663,3.58579855483871,3.60117077069077,4.86534900038982,4.70024766060351,5.07917701037085,5.48064301230992,6.55210882008986,6.96806307539189,7.99973414376321,9.0029032597266,9.19653869303525,8.93878786214472,9.41349121693122,9.96653354484253,5.57,5.36130502256301,5.93579401066925,6.68649287205223,165,"01"
4.23992630120378,4.55031132903226,3.39066115578642,3.90881193963357,4.4647475554621,4.42287077156974,4.93730340333092,5.352955437927,5.47914661607365,5.78964997357294,6.20819397125833,6.24118672972198,6.11266051077853,6.41590948853615,7.0682598467848,3.168,3.9628728400044,4.01718598448109,4.84182133499134,4.4672628710623,166,"01"
4.61324407741936,4.34391224214575,4.18632577824804,3.91849879087373,4.66035000271488,4.78079797248371,5.41821548593587,5.5368565563573,5.91048658826638,6.28437953031896,6.44441466036114,5.71230763421667,6.15411195767196,6.57598405942893,3.35,2.83770869868291,4.08574595861623,3.85415099702447,3.7515377564923,3.95757062440461,167,"01"
6.03460896059138,6.44481606058919,4.81590747555462,5.72252983656404,7.26421433743664,10.0255748753616,14.1207979596915,22.6209645216702,41.3576094637224,67.6749009028375,92.1430343265138,134.814508500882,152.605494080322,72.648,68.8090872803317,75.7094939379244,83.1514831016565,78.9727151645267,80.8294775266303,97.8084358193549,168,"01"
5.23585949768892,4.69049321837872,4.27174762447738,4.58738088341781,6.20296756324244,7.04391042547898,8.88586931818182,12.4052388363127,18.6418891516194,25.3332381573527,35.2566474779541,63.1918019035828,46.561,68.4045338812048,85.2778953281604,92.2006152684638,82.4561295982825,88.1558038884559,102.888203096774,98.2484119674342,169,"01"
4.22088649984229,4.20841982950535,3.87720057929037,4.17990607496769,4.78497847723314,5.14693928382664,5.52624030844725,5.69797936371453,5.53032905396128,5.68661636684303,6.23549330650778,2.829,2.91939736581429,3.2073212900097,3.58339512368433,2.94279026464638,3.72686537628821,3.95108211612903,4.19695269966535,4.50074305284847,170,"01"
4.38401053374599,4.45154598117306,4.25495513017788,4.76519221199303,6.50766464059197,8.49933529617946,11.6637637575236,16.5582310174379,28.5733305114638,45.258605200031,28.564,41.8693318413618,65.7072364613644,92.7315322201004,87.9947913793815,86.5856308564995,99.5938105290323,103.892452774587,113.473637244529,104.599670959941,171,"01"
4.12524692251991,4.59430737982397,4.18479509828316,4.56727378435518,6.42002698913425,7.96577515047292,9.83594226280379,14.8981494885362,25.4957834868065,18.025,23.6585939758594,41.3877281361138,67.8890922414176,87.1696281738987,98.9117187148177,113.448591896774,106.225270016483,118.684402405747,110.902434128903,113.954049247977,172,"01"
4.63835791222995,4.60030666832545,4.42542210623679,5.30511636873467,6.98572269991402,8.95516593436771,13.6901408818342,26.0126730635301,23.289,33.5225005319734,49.7948949644358,79.617530354843,86.9671677057099,86.8530652983459,102.242458374194,93.9905571150292,102.00552547753,101.616205130901,105.043540641798,110.988926864591,173,"01"
4.62503949987559,4.89125601215645,4.7773920084122,5.01042318715965,6.02713057805849,7.37521044091711,10.1306254739612,6.778,10.4999111787798,17.186057266408,25.2544597859395,34.37997626027,51.283136745475,79.3554595096774,90.2331590829629,102.020286851924,90.7358215750184,101.095628332519,101.487866039102,112.307648119653,174,"01"
5.04536647727273,5.37201100595864,4.9268528231585,4.75146073046821,5.82873502645503,6.62110933993655,3.534,3.90452379205342,4.96952687520207,6.63705049518142,7.47133846661988,9.98919290724863,14.8534967225806,20.0315124119674,34.3851455142841,50.0012708442856,84.9743867079329,112.559887038378,131.629516833877,132.193686924608,175,"01"
5.40917469330529,5.33710733734595,4.57494150762049,4.69552571428571,5.8867979571307,2.902,2.85132347653814,3.28123751212415,3.54690194075587,3.44182795920895,3.4697610201784,3.91414332903226,3.99571080365616,4.52436125187949,4.42294280307013,3.92776255633382,5.25474366401159,5.08049473749,6.06284144065688,6.17317488107822,176,"01"
6.44821331327028,5.69774934779624,5.16302130511464,5.70014338775826,3.247,3.26462923285761,3.67759986259295,4.5486986721144,4.13347669377813,4.64968636875379,5.62153615483871,4.67887408221368,5.727413265022,5.39420655031017,5.66495911386219,4.895962346126,7.42006745860774,7.43468916397114,8.66696240750529,8.58852814581143,177,"01"
6.12721879719896,6.95446440917108,7.02313456627718,3.42,3.42314414645779,4.73813696249596,3.96245334636053,3.81063432558524,4.03791573568892,4.92380350967742,4.86158054043255,5.26242997159882,5.16149342866155,5.40733012977141,5.50426647356988,5.40679497753431,7.32586470515053,6.61974497885835,7.73004696810375,7.54602400401261,178,"01"
6.50005869488536,6.53496107714927,2.81,2.72003811864842,3.61439613643712,4.09429968468268,3.53047281284835,3.79573261453191,4.69943458064516,4.53588641925978,4.84025466391936,4.03415860582484,4.44877759678558,4.4308754525706,4.91571311626762,4.62503949987559,6.29576275105708,5.69347690150719,6.47860253654342,5.81421563915969,179,"01"
6.56983061208698,2.936,2.35827402135231,2.87309141610087,4.24851281254164,4.87327818834895,6.68700883346324,11.6056196645161,17.6867795314919,29.6334590967311,39.1097393544317,61.7992922843025,89.2272896451847,121.254800701668,120.373042299079,126.090380549683,130.747426638626,136.962329965606,132.149205409859,134.646210088183,180,"01"
4.617,3.96579029240195,3.47727618816683,3.71759586090509,4.57232343833863,5.3888613925695,6.17288175483871,6.43576879276759,6.48762404633291,6.55637866680686,6.96605744692404,6.25874076755974,8.09387745429926,8.83621628514556,10.2676097383721,13.1206398177357,20.0986725422757,25.7718065357682,40.4140588359788,63.5363949547319,181,"01"
3.07596731114943,3.22231878435176,2.90885983923258,2.6702894182734,3.50304685199619,4.15492949677419,4.03542959892113,4.58783516177535,4.75180685522027,5.24757137427377,5.23554960173787,5.65967766356866,5.41154354316994,5.68982842230444,6.02609190325973,5.09019489825165,6.56942674721955,6.09053255731922,7.30003969666486,3.486,182,"01"
4.30963712415131,4.95954127992184,3.774519755584,3.82672287174158,5.35475602580645,5.47986978672394,5.94735774349836,6.02267132793607,6.37020046695987,6.70020419985518,6.79357099772266,5.49398631500373,7.13636528805497,6.99048958990536,7.78343981083405,6.24186530275985,9.79496761904762,8.05691371972452,5.029,4.9577241075687,183,"01"
3.94832695296887,3.21310234920111,3.04393193037152,3.88951747096774,5.0681182758104,6.71790148688534,7.89552423509621,10.9830546234457,16.3267646632875,24.3974689481135,31.5261159492411,46.4608027219873,64.482713915177,87.5931374319289,111.796720994096,136.308624409171,155.630939023447,76.375,72.1894421249587,80.1916022470094,184,"01"
3.57424804921349,3.53288932190179,3.57074941935484,3.52438109984516,5.26242997159882,5.9920145095153,8.0282372807732,11.9017950760319,21.6810194497446,32.599520838517,48.7812159751586,77.1035021381003,109.465780882774,133.341165110531,146.453278730159,156.576518764993,73.346,74.1976218586051,77.8230693905593,89.2399586534618,185,"01"
3.38482475967784,4.03316830967742,3.26488497078068,3.69920042323328,4.16514682998633,4.17675593201933,4.45006951484432,4.74929999384502,4.77343648917641,5.19247192124736,5.27352723449001,5.33140935798223,5.17547082246327,5.35936945326279,6.30523237638319,2.684,3.28602388377298,3.23303128031038,3.93773215792512,3.50967957557491,186,"01"
3.87446833548387,3.72694695569652,3.70215269811216,3.63004599936915,5.16841163055872,5.89110065170167,7.93725333907798,9.91291888529485,15.1501094741015,22.5899473536628,30.3474380911436,41.4237842235343,57.7095257142857,87.4917654569372,57.426,70.3349148842499,77.4192082929195,87.5506774437092,78.5973425126956,82.0392453451113,187,"01"
4.02086604065731,4.06380637077463,3.52135364315004,3.85004208068632,4.59181028240406,5.65967766356866,6.86088747200796,9.67918796247357,15.8075744128987,24.3911503296073,32.1665338459426,50.1155273368607,79.1271793701153,58.523,72.0513493781414,81.8809628596832,84.0261422924901,84.8703338838198,83.6989457867844,103.635187458065,188,"01"
4.08890070724509,3.93243370833771,3.64134821089211,3.8624359160029,5.14575478549886,5.61765047275442,6.23797132663848,7.44202839116719,8.8470626253941,10.0943518467664,11.5434011287478,15.6789838272847,8.933,10.80916113292,16.0269652036857,25.5734808367012,40.7219136286693,65.9059469992206,106.832444696774,105.646699565456,189,"01"
4.31425044685102,4.43150637997502,4.33490514120203,5.24527635871238,6.91529970141826,9.01721346458774,12.8084648440238,19.9353304671826,31.9972937663051,47.9519577425044,69.3452492455312,49.845,66.5723737755439,79.2199788635629,82.3662910689701,77.0006407662772,76.7112166796571,97.2625626322581,94.4062805054693,106.419176421451,190,"01"
4.34515029592225,4.29061115133961,4.25169212777744,5.73307035332172,7.57242785412262,9.57336586049772,12.4709775007165,16.4727010847178,25.3943604938272,43.4494916814981,29.634,42.0093695564442,60.7891295667637,86.4299835679709,81.6900629618926,84.4656677058976,98.2941124645161,97.0939189850657,102.672739600156,99.1748075912102,191,"01"
4.42054018826937,4.88471459346341,4.23261190594675,4.67760286733615,6.06697195934105,6.3665422757237,6.30191823424413,6.71697664902998,8.01383958833088,3.931,3.9745426495946,4.45532706918849,5.60700097703957,5.8177289129268,7.54555373690136,10.9051508129032,15.0759307227411,21.176667706187,26.8665208705709,37.0683490796547,192,"01"
6.53089930448698,6.11560481463051,5.82817758985201,6.68574735366281,9.50802823158498,11.1753046134835,13.9351085714286,21.8016639325234,16.412,22.7279266610412,32.1160628839315,50.9939257449927,65.5742096940671,88.4714453970728,99.3543924645161,93.8912601268668,100.000930834772,102.622306171801,106.42667725471,109.121196958726,193,"01"
5.05868847972132,5.23800455866808,5.18061801612338,5.63150293780453,6.63311925030894,8.65988832451499,13.018643426449,9.385,14.422912169351,23.301821209182,35.1841371408269,51.0441143635688,73.90028557201,103.484696103226,96.4875453773538,108.109353789609,99.5176065608243,106.750512569908,106.916832729906,122.042815781375,194,"01"
5.85269516384778,5.84956438836313,5.50234873889367,5.23188418234244,6.61973756613757,8.51637112125668,5.031,6.34059654400704,9.95940749272551,15.1788096993383,18.2126870897155,27.642161643717,47.8836129032258,64.3404764497278,95.6876572367322,103.270279833877,101.688606776348,108.236793627806,115.254139287253,114.717468151281,195,"01"
6.58912176656151,6.38363621381485,5.61949855828642,5.98581354497354,7.71232066857541,4.499,5.21154246615548,8.05258321209182,13.6825891992717,18.1842331860782,25.1950791114575,45.7876787612903,64.7906227960641,97.3350266191457,100.391325885816,101.679971167943,95.0416140477915,117.185836708315,116.071178464792,124.444200581395,196,"01"
6.51468973918028,5.81239585335713,5.5631975308642,6.45701741081792,3.932,4.90618244854533,7.2437897672163,12.1392807212328,18.4370351760869,30.6677289772235,50.3407262967742,73.6704214574697,115.984547029014,110.831366049837,107.215396155726,109.686683562636,117.548029974765,125.26354752426,129.913370837738,138.334393410445,197,"01"
6.34377330770287,5.92410412698413,5.64681351079471,3.148,4.22641603991635,6.39750258648561,9.86022258737843,14.2652551504892,25.0114331428077,46.4211105548387,61.1311977923181,101.236457871582,115.378329618337,114.444839659011,113.504825488776,125.310712685419,125.634539997512,138.65388596723,141.94670382054,147.007867583835,198,"01"
5.98768352733686,6.17806113131626,2.925,3.15182107348571,4.90632314904623,8.27806652751255,11.8324463894967,20.5304715077509,45.9094399483871,72.0975571649768,105.050797015092,110.345037430344,110.820762664929,112.773974656046,122.044447282575,121.758080865887,132.028887222516,138.228476901507,145.233896675265,136.08358231498,199,"01"
8.41586481467152,3.813,3.50386032945665,3.97862099903007,5.40452267175912,6.5717573593163,9.23854001039231,16.4637542193548,26.4209426102592,47.7161427298547,67.7947669540532,106.679988434598,119.974700941347,128.025530682588,127.754968089077,135.46660134778,141.666117981073,147.269974634566,137.011673074283,144.057831322751,200,"01"
3.158,2.81436907950251,2.89237390882638,3.16431211973176,3.26782139465753,3.53059374729367,4.26985016774194,4.10692343039808,4.47564871637801,4.38113805067816,4.68193902372808,4.5652338884866,5.25832836831415,5.14113125155511,5.56023553118393,5.26981086575535,6.41592476354256,5.81421563915969,5.95963379188712,6.60675129613867,201,"01"
2.95343431045236,3.13447631749111,3.13959093129635,3.15838330374468,4.02184671343206,6.04701625806452,7.94773093252085,13.6646042768837,22.6902261066134,38.5723842102405,58.0856618392469,101.722468332615,130.528342933566,138.457745375264,135.171763617245,135.716371811407,126.238541123164,138.206656507937,148.739078000464,72.39,202,"01"
2.93308139346912,3.19491930541369,2.73595227282111,3.01408946046592,4.49148289032258,5.05487867738874,7.01165283733363,8.85982052360425,13.2887620676549,18.7068283852281,26.7451991752324,40.8784239860662,64.9417997489429,102.129529197336,127.737301375752,132.445830495675,130.044183492063,146.406921457866,70.262,68.1137611255824,203,"01"
3.36561322556291,3.12883501919822,2.77879306313328,3.44077961290323,3.90435757454673,4.31327359803976,4.13449001156556,4.25447640766683,4.51355756698045,4.97607866067582,5.40659697685992,6.04533324524313,6.81953662811076,8.10822463456578,9.17172044487162,11.4255922398589,17.43271631974,11.78,16.2784118941923,25.5289491189783,204,"01"
3.33129548738698,3.3561300770763,3.57074941935484,3.90700549423106,5.72298485270368,6.60375738618442,9.64885312483032,15.3198146270818,27.324382101311,41.2823935680518,61.4953293472516,102.792901016474,149.921434365148,153.215045860222,157.733012345679,169.394149578271,79.056,76.9157150089885,83.2093123585516,94.5773809566106,205,"01"
3.35498228977224,3.94287349677419,3.34035068178413,3.97228584952943,4.7155760698139,5.47929353314872,6.59980448950036,9.16577374284483,13.4497137969644,19.0431499735729,26.8451895548545,42.5942950702207,60.7699270904847,89.7217537918871,131.439686373133,78.768,74.6235699086473,81.3378393145813,90.3147417506773,80.7193470954956,206,"01"
4.0071743483871,3.84875126117577,3.99590404856045,4.01186273788245,5.22454308519303,6.30303475742216,8.58169631316551,10.8807970266235,16.1097973705074,22.1904377146863,27.4395692891946,36.2464936152684,49.4311137918871,71.755349454461,45.778,54.2227977767179,64.3831719608794,75.1418180485855,67.5648885677718,71.6138932623192,207,"01"
3.76004595175066,4.23208603887064,3.33044527389339,3.59097382852799,4.7837509051412,5.62052163476334,6.66797138591689,8.66521115221987,12.8660685594111,17.7871922470622,22.0558039269532,33.259506313933,52.8088850886017,37.665,52.5792995927652,75.9151738603298,92.4278147621797,86.4801682011478,88.2671392569498,108.846292645161,208,"01"
4.09037684468452,3.8223478603722,3.61831992181137,3.94807096307024,5.20448882870684,6.02986433192336,7.71603078752643,10.7384474588153,16.733066064775,23.1094599066319,31.3951338977072,55.883557610462,40.983,54.3920100157758,75.2520703604914,87.530665053071,78.7407064117914,82.7152920672036,98.4446038193548,95.0285416312871,209,"01"
4.19859063189991,4.31204713036868,3.77532440260681,4.23864011817566,5.43627637472008,5.86320269556025,6.79538023133544,7.9733724562912,9.90509412330084,13.0842665961199,18.4562397276174,12.755,17.5795956634993,27.6800183074685,43.313876537727,57.4057505883324,77.1554103663289,100.628096567742,93.7681318615454,104.16216227655,210,"01"
4.60421854808058,4.62724547429399,4.91734461746784,4.33484094302065,5.85970018498943,6.21748489309499,6.61155538836343,6.27644123300838,6.89462497354497,7.59950746730635,3.885,3.47857574201123,4.06217846750727,4.60755864457965,4.52417067833698,4.44538022863081,6.88703163870968,6.26762589281255,7.68034309739934,7.83003012301546,211,"01"
4.5681868211441,4.9826046654767,4.24415389400348,4.74064805761099,6.42560154223624,6.81098466609344,7.14447906082658,8.2204424691358,10.6762311382806,6.442,7.69234948820486,11.6841193420627,17.8851912332904,24.0030564799141,35.293311812592,60.0501548903226,82.5290367614005,114.540884613243,103.543404216171,109.584431394907,212,"01"
5.4508455099403,4.67285630753919,4.31509302325581,5.22893080967403,8.08163406420178,7.39742928738157,9.81927738977072,13.6052720730481,9.391,14.51140822541,23.2129074927255,43.4092296931208,69.7656885760291,91.7828117692907,110.244494141935,104.061919634384,112.226301108203,110.243312532857,110.848108758213,113.404425778421,213,"01"
4.60030666832545,4.82821082188161,4.60272267788293,4.89076562052164,6.37107009474118,6.50753862433862,8.06922061440842,4.982,5.92631830355505,8.39109808438409,11.3376078962562,13.9073925932042,19.3838319909933,32.3269111225806,48.5072406972679,84.4321092610124,98.4181415729156,107.254256393549,108.340146270818,115.981788822552,214,"01"
6.57246108615222,8.49933529617946,7.84611758383491,7.66675758615955,10.3092127689594,11.7407775284377,8.409,12.7298172946399,23.16255876172,38.4673464049385,48.7568582634904,75.8228293063133,106.439799070968,102.177924778982,113.543015704182,103.23404904847,102.827067817777,108.988314989138,117.934695759217,123.744951667081,215,"01"
5.41474924640729,5.40548308971052,4.79513558972951,5.13684155202822,7.11338512729242,3.997,4.68640103459662,7.07881732945361,11.5283142070436,15.0444543577887,20.3663379232701,33.8167755354839,43.4814891364068,69.7814451745837,86.3059113132163,102.419754954661,96.7528385228096,111.860616790792,112.836124098034,120.446084764799,216,"01"
6.43491802808828,6.52211231635315,5.0508223633157,5.91141174649849,3.98,5.09289940198848,6.03863397187197,8.5523539992006,11.2458582222039,16.4271318957305,25.0034545548387,33.7424405374357,53.6074072506543,74.6855836399958,97.9263600477819,105.331107892831,110.718565950637,113.004307352575,114.348213860994,127.833793550648,217,"01"
6.28190059041604,5.94841389770723,5.57502329180531,2.819,3.7674035293686,4.57744952311672,6.08612115290669,7.42646884934561,11.8497561271326,19.9209510709677,26.235588232356,42.7533686584619,58.1643454946904,87.9493538035511,110.12962346126,123.824415092017,120.717653085345,130.822272330867,130.141658534876,134.006978002293,218,"01"
5.25465044091711,5.52579571306972,2.386,2.43023784715853,3.19553754445522,3.73172225429675,3.80844556376698,4.65198194336191,6.85693336774194,8.42568043554268,11.6260584730189,15.3813618967511,20.0518827170549,26.7712874728458,40.7255329599311,62.3580637596417,108.921073731501,133.828296319664,135.953787618229,128.64429795414,219,"01"
6.9964696277954,3.256,2.7958918809847,3.2351737795021,4.47335790735888,5.07026675199207,6.98313795791115,11.9408049548387,18.8730475500724,32.0100403742273,42.8944629376511,67.7377123309985,93.4972302679218,115.259033790854,109.167420751431,110.497203488372,118.842039397126,125.501794138722,118.568143965399,125.06816042328,220,"01"
3.261,2.9971960964156,2.87737641448432,3.33382884043167,3.9977734610462,5.06403758552005,7.76809011612903,10.8697103041806,19.4968233001058,26.3174851224898,36.1198714231417,54.3191962346126,81.5815860158799,108.303420502613,125.01510980444,131.89392639327,126.441960733735,128.242125291775,129.268140811287,146.507427764451,221,"01"
3.30352859815827,3.13126256870352,3.06778176488875,3.09381483010611,4.05628033255391,5.937568,7.10569247290345,11.4430174305285,17.1998686258017,26.3371663680295,38.1666545981173,63.2973520649966,89.463598283155,117.913769622093,138.850968664564,135.881613212955,125.2667755046,134.360102786596,143.418397198793,72.775,222,"01"
3.06056009537666,3.28203206466226,2.75674551009455,2.81552225686325,4.15492949677419,4.30286948703861,5.06757982959292,5.18100231311114,6.1658244013683,6.77402751629254,8.11834997230258,9.70351424483702,11.3586417811839,14.4473834560112,17.7321117798796,21.3551863929699,31.2642351322751,47.4717950940184,32.399,43.2278921744873,223,"01"
3.74113984989119,3.42322348375377,3.25168143240669,4.0919967483871,4.67887408221368,5.82040992370663,6.44211234360215,8.68886132377694,12.7965336712527,20.034834738721,26.6619924110475,38.553885108351,54.7997151770067,78.1154984236171,103.998938830152,126.390237954145,138.928431788284,70.417,67.7986762666471,75.4748902764307,224,"01"
3.85440956195037,3.88870338616091,4.12756743225806,3.90303361470456,5.39085392882998,5.4764225633477,6.2996763316501,8.12647067342505,12.6588178125192,18.7441886041304,27.025371564482,42.9444989134245,62.4935383347664,84.3907468076342,115.92581664903,147.848879284996,65.611,68.6709945335143,74.3586481975428,85.7389674912288,225,"01"
3.76474235732225,4.2616415483871,4.02483792018381,4.58783516177535,6.08816544001682,8.57947695064343,13.4033613323678,24.8461317781744,44.8175396242847,74.4773847780127,108.478945180512,151.382016408713,145.94500157902,148.831896296296,161.778232918053,75.123,73.300991488425,81.9066728499838,90.9610242483457,83.8164450683291,226,"01"
3.87173212903226,3.8897940162829,3.8335289302222,3.65094837556514,5.11228017592442,5.74493048515568,7.09703022096387,7.93923892759393,10.2010620375264,13.6706623904662,17.3902330180568,22.843771179459,31.3035047619048,45.8554895922,31.336,46.0023894045566,74.7228730601358,96.7634403339699,89.2018935221502,91.4843870702347,227,"01"
4.20092457919185,4.58783516177535,3.91013784039533,4.72367779768692,6.65443374366401,7.36459641780021,8.95328502114954,12.3305884645877,18.5205235892043,25.629511177988,31.9863750514898,48.4867726984127,74.8566869148031,52.79,68.4891400007338,80.4058521661817,87.588347826087,83.09962557285,84.955772884732,101.485897290323,228,"01"
4.22175307679457,3.91989228262013,3.91912694792854,5.02884431571325,8.21134554071521,12.0811637845235,20.5054481368922,37.5464733263232,75.8875884924047,109.1634909378,137.899979400353,150.111296757719,73.581,70.0217749935796,75.5434502505658,80.6628834658258,73.8849383179885,81.4435437343033,96.697536,93.6410317166975,229,"01"
3.91849879087373,4.02131498072433,3.8875358435916,5.20448882870684,7.44623115202787,11.6493501585624,19.1355826147914,32.9457166809974,56.1258337223672,88.0200698412698,132.48372127215,79.286,76.5957677293906,83.1043298981571,90.5466500421904,81.6386270591635,82.4788478825669,100.076750967742,98.2907786823835,110.570074901153,230,"01"
4.56679757832437,4.56671035481535,4.21579910137256,4.74375709131625,6.31852906976744,7.05738422712934,8.10062732874749,8.64944191953865,9.92025643738977,12.8381423044185,7.142,8.36822596030377,11.7505368170061,16.4372359106453,19.2370276206598,26.283181475708,46.8164923870968,63.7738216372809,97.1446048894582,111.640984754495,231,"01"
5.58990152063722,5.94845337600788,4.88226094799701,5.32381606765328,7.51263939712583,8.99141143594153,10.9041565289029,15.0608379541446,25.1286277954035,17.565,23.2404257988774,39.923329938571,62.7341358529111,79.6928178027332,87.6427429635403,100.901717212903,95.3383482343539,111.355380018934,102.254424350752,109.244764130966,232,"01"
5.23711885271127,4.98284112963424,4.8842509910148,7.07410788643533,8.81477407566638,9.93967005354936,12.3007439858907,17.7219283448116,13.257,18.5481898594856,26.1384901390236,40.2366771772439,51.8583337599604,74.9746144886117,105.02654843871,99.2890444033765,105.991096564014,108.245045368521,106.369106532008,112.178958725561,233,"01"
5.81716198059219,5.78089369714588,5.33670550297932,5.57642247062196,5.9834557187972,6.03256310405644,6.77494552348526,3.384,3.1216740653777,3.58440114775299,3.92007416618555,3.50639643284753,3.79458482722785,4.38066652903226,4.32008096498676,4.07561547029014,4.60827720534118,4.75246315903784,4.94320926864591,5.4965275435465,234,"01"
5.07163530655391,5.26795268138801,4.85657774433935,4.85336873541123,6.31493044091711,7.89077064149191,4.754,6.08969563781781,9.88013502263175,15.4013003952569,18.1514017588043,27.8992659998268,45.2746400516129,52.7108131961441,62.8288378348277,59.961949847545,59.1021039257208,60.0360738595221,62.3494498676679,61.5913459815875,235,"01"
5.7510806168945,5.76255646316996,4.73690244404778,5.07700211640212,6.31548812195311,3.115,3.10125189859486,3.24481502586486,3.62695150330861,3.43745043557244,3.4548397852256,4.08789243870968,4.06323275560661,4.45645892966531,4.36162916622858,3.70755454199924,4.69811585807386,4.84719006585831,5.25490227668574,5.52521042547569,236,"01"
6.16141501862998,5.85971028422354,5.40611901234568,6.01396920219763,3.571,3.82380760905455,5.07129558680892,6.87837638228894,9.57254981214648,14.1051581796138,22.5094023741935,35.3920945007742,59.2403477195523,78.473094206708,102.177957919314,107.869153511948,108.411623253524,120.933653147549,123.538801598837,133.516121345952,237,"01"
5.58310284223534,5.62864691358025,5.65091580902267,2.752,3.16543585134094,3.78258232298739,4.86654252342674,5.70391329837744,8.64742954880055,14.5456734967742,19.0676696468708,34.1652010358078,51.0115523604248,79.2014824890047,106.507851556843,129.21978956115,120.404370552376,134.543689812368,141.275899263933,147.222491473202,238,"01"
5.30887992945326,5.58527903737522,2.413,2.36508141027993,2.94593638861946,3.13959093129635,2.98765988192065,3.07492218758119,3.80606317419355,3.66339688327256,3.99442791112101,3.83628277783619,4.01124010425151,3.92444750181028,4.45726127900536,3.99352786762876,5.00859011627907,5.05426147914476,5.26493293207223,5.0280681724564,239,"01"
6.05294103536331,2.963,2.41954052170085,2.78846269802781,3.67639388017942,3.25797196647537,3.60405213475362,4.1987088,4.19695269966535,4.65278520911065,4.57065292818841,4.61285415648585,4.84723895727734,5.19143681910507,5.20543661358547,5.13468049682875,6.25093221170698,5.99047563771854,5.78691885212138,6.10549241622575,240,"01"
3.05,2.82992882562278,2.72954397025542,3.19609650486299,3.64866595103423,4.44308465402269,6.92397042580645,9.02411028420159,15.159931503035,20.6529411733782,29.1854778737036,48.9566705286025,83.4610753985351,112.432154516049,136.557633390592,137.869847318612,134.690735525939,140.618488534944,137.07531717813,153.175713534009,241,"01"
